record_id,world,pr_number,grader_verdict,grader_reasoning_short,label,human_outcome_summary,fix_round,pre_fix_ref,round1_ref,source_citation
pahc.quote.asia-rejected-new-prophecy,pahc,473,mixed,Adds interpretive label 'followers of the New Prophecy' for source's generic 'they'; core clauses preserved.,defect_fixed_on_grader_finding,"Over-specified referent removed (no body-note support, unlike hal precedent); restored 'for deliberation on this subject' and the two distinct expulsion/debarment actions. Cleared 3/3 translation after a readability split.",1,55b544cf0361a0364e06e12b1b34491f89feb52b | records/pahc/quote/pahc.quote.asia-rejected-new-prophecy.md,,PR #473 body; Decision-Log Entry 26
pahc.quote.ignatius-truly-born,pahc,473,mixed,"Drops 'apart from whom we do not possess the true life' as its own statement, folding it into a believers clause.",defect_fixed_on_grader_finding,"Restored the fuller resurrection parallel ('by Christ Jesus', 'so raise up'); round 1 fix cleared grader.",1,55b544cf0361a0364e06e12b1b34491f89feb52b | records/pahc/quote/pahc.quote.ignatius-truly-born.md,,PR #473 body; Decision-Log Entry 26
pahc.quote.melito-no-phantom,pahc,473,summary,Drops 'to persons of intelligence' and the explanation of Christ's low estate; compresses/reframes opening.,defect_fixed_on_grader_finding,"AMBIGUOUS: content restored and FK-compliant split kept (FK 9.97), but a documented residual tension remains (grader penalizes clause-split though no content is lost, 3 straight 'summary' runs) — logged as accepted, not further chased.",1,55b544cf0361a0364e06e12b1b34491f89feb52b | records/pahc/quote/pahc.quote.melito-no-phantom.md,,PR #473 body; Decision-Log Entry 26
pahc.quote.polycrates-to-victor,pahc,473,summary,"Drops 'scrupulously', the luminaries' resurrection clause, and other qualifying clauses.",defect_fixed_on_grader_finding,"Restored 'scrupulously', resurrection clause, 'in accordance with the tradition of my relatives', 'things which are said to terrify us'; needed 2 extra rounds after over/under-fixing FK and dropping 'Moreover I also'/'For in Asia'.",1,55b544cf0361a0364e06e12b1b34491f89feb52b | records/pahc/quote/pahc.quote.polycrates-to-victor.md,,PR #473 body; Decision-Log Entry 26
pahc.quote.two-female-slaves-who-were-called-deaconesses,pahc,473,summary,Compresses 'in order to ascertain the truth' and drops a second clause.,defect_fixed_on_grader_finding,Restored the necessity/purpose clause and its tie to the preceding findings; one readability-driven revision.,1,55b544cf0361a0364e06e12b1b34491f89feb52b | records/pahc/quote/pahc.quote.two-female-slaves-who-were-called-deaconesses.md,,PR #473 body; Decision-Log Entry 26
pahc.quote.two-ways-one-of-life-and-one-of-death,pahc,473,summary,Drops the reciprocal 'and this to another do not do' half of the Golden-Rule-negative construction.,defect_fixed_on_grader_finding,Restored the explicit parallel/reciprocal phrasing of the golden rule's negative form.,1,55b544cf0361a0364e06e12b1b34491f89feb52b | records/pahc/quote/pahc.quote.two-ways-one-of-life-and-one-of-death.md,,PR #473 body; Decision-Log Entry 26
syr.quote.blc-one-name,syr,474,mixed,"Drops 'in every region' as a distinct phrase, adds unrelated content.",defect_fixed_on_grader_finding,Removed unattested 'appointed' qualifier; restored repeated preposition 'in every country and in every region'.,1,726067b0619186b4cf1e4b355186b5bbc17dfc56 | records/syr/quote/syr.quote.blc-one-name.md,,PR #474 body; Decision-Log Entry 27
syr.quote.ephrem-only-begotten-dwelling,syr,474,expansion,'He was born the way we are all born' expands 'a common manner of birth'.,defect_fixed_on_grader_finding,Removed invented explanatory gloss; restored the 'though only-begotten' paradox that had been dropped entirely.,1,726067b0619186b4cf1e4b355186b5bbc17dfc56 | records/syr/quote/syr.quote.ephrem-only-begotten-dwelling.md,,PR #474 body; Decision-Log Entry 27
syr.quote.ephrem-resurrection-pledge,syr,474,expansion,Adds 'the place of the dead' gloss for Sheol and 'knows each one'.,defect_fixed_on_grader_finding,"Removed 'the place of the dead', 'knows each one', 'us who die' (none in source); needed a readability-driven revision after first fix scored FK 15.5.",1,726067b0619186b4cf1e4b355186b5bbc17dfc56 | records/syr/quote/syr.quote.ephrem-resurrection-pledge.md,,PR #474 body; Decision-Log Entry 27
syr.quote.nisibene-death-trembled,syr,466,expansion,Flags 'did likewise' as invented — the exact strictness Mark's ruling anticipated.,grader_disagreement_kept,"Mark ruled directly to finish the source's own elliptical sentence ('...and Satan did likewise, because sinners rebelled against him') rather than keep the fragment; grader flags 'did likewise' as added content (2/2 'expansion') but this is a documented, Mark-approved honest exception, kept as-is. Excluded from the R43 Group B re-read as already resolved.",1,d9486b05555ce7305f37e36f0015689b0e229f61 | records/syr/quote/syr.quote.nisibene-death-trembled.md,,PR #465 comment note; PR #466 body; Decision-Log Entry 19
syr.quote.tatian-barbaric-writings,syr,474,summary,Compresses a five-item causal list into a shorter one.,defect_fixed_on_grader_finding,Restored the specific locution ('the declaration of the government of the universe as centred in one Being'); needed two readability rounds before a version splitting the causal list into short sentences cleared.,1,726067b0619186b4cf1e4b355186b5bbc17dfc56 | records/syr/quote/syr.quote.tatian-barbaric-writings.md,,PR #474 body; Decision-Log Entry 27
syr.quote.warned-before-baptism,syr,474,summary,Drops 'those who choose for themselves virginity and holiness' as a distinct group.,defect_fixed_on_grader_finding,Restored the two dropped named groups and the 'to warn them and say:' direct-speech attribution structure.,1,726067b0619186b4cf1e4b355186b5bbc17dfc56 | records/syr/quote/syr.quote.warned-before-baptism.md,,PR #474 body; Decision-Log Entry 27
desert.quote.an-old-man-in-the-next-village,desert,471,summary,Drops 'all who wished to give heed to themselves.',grader_disagreement_kept,"3/3 'translation' on re-grade: the grader wanted the causal link ('after he had seen this man') stated explicitly, but the rendering's clause order already carries that sequence. Human read stands, unchanged.",1,7e713f0bc7db2c53831fac3df7f3a96c50b721b0 | records/desert/quote/desert.quote.an-old-man-in-the-next-village.md,,PR #471 body; Decision-Log Entry 24
desert.quote.eight-principal-faults,desert,471,summary,"Omits the Greek/Latin terms (gastrimargia, philargyria, acedia, cenodoxia) and their glosses.",defect_fixed_on_grader_finding,Restored the technical terms and their glosses; 2-3 revision rounds.,1,7e713f0bc7db2c53831fac3df7f3a96c50b721b0 | records/desert/quote/desert.quote.eight-principal-faults.md,,PR #471 body; Decision-Log Entry 24
desert.quote.equal-measure-of-strength,desert,471,summary,Drops 'so that they might have no cause for being' clause.,defect_fixed_on_grader_finding,Restored the causal 'so that' framing and 'the labour of ascetic excellence'.,1,7e713f0bc7db2c53831fac3df7f3a96c50b721b0 | records/desert/quote/desert.quote.equal-measure-of-strength.md,,PR #471 body; Decision-Log Entry 24
desert.quote.for-thirty-two-years-i-touched-no-fruit,desert,471,summary,Omits the 'shut himself up in a tomb for six years' causal clause.,defect_fixed_on_grader_finding,Restored the purpose clause ('in order to get rid of it') to its original position.,1,7e713f0bc7db2c53831fac3df7f3a96c50b721b0 | records/desert/quote/desert.quote.for-thirty-two-years-i-touched-no-fruit.md,,PR #471 body; Decision-Log Entry 24
desert.quote.grace-and-free-will-in-harmony,desert,471,summary,Drops 'we gather from the system of goodness' for a vaguer paraphrase.,defect_fixed_on_grader_finding,Restored 'the system of' and the prescriptive 'ought to have'.,1,7e713f0bc7db2c53831fac3df7f3a96c50b721b0 | records/desert/quote/desert.quote.grace-and-free-will-in-harmony.md,,PR #471 body; Decision-Log Entry 24
desert.quote.monks-like-hyenas,desert,471,summary,"Compresses the 'as far as their names are concerned, but their actions' contrast.",grader_disagreement_kept,"3/3 'translation' on re-grade: the grader's flag claimed the hyena-actions comparison was lost, but the rendering states it as its own explicit sentence ('Their actions are like those of the hyena'). Flag doesn't match the text; human read stands, unchanged.",1,7e713f0bc7db2c53831fac3df7f3a96c50b721b0 | records/desert/quote/desert.quote.monks-like-hyenas.md,,PR #471 body; Decision-Log Entry 24
desert.quote.never-kneel-saturday-to-sunday,desert,471,summary,Collapses two distinct liturgical practices into one.,grader_disagreement_kept,"AMBIGUOUS (best guess grader_disagreement_kept): 3/3 'summary' on re-grade but judged the grader wrong — re-reading the source's 'nor...nor' structure shows both no-kneeling and no-fasting apply to both periods, exactly what the rendering states; the grader misparses the sentence. Human read stands, unchanged despite grader's own re-grade also reading 'summary'.",1,7e713f0bc7db2c53831fac3df7f3a96c50b721b0 | records/desert/quote/desert.quote.never-kneel-saturday-to-sunday.md,,PR #471 body; Decision-Log Entry 24
desert.quote.so-perfectly-silent,desert,471,summary,"Drops 'perfectly,' 'the brethren,' and 'opened mouths and gaping.'",defect_fixed_on_grader_finding,Restored the 'celebrate their rites' framing before naming the synaxis.,1,7e713f0bc7db2c53831fac3df7f3a96c50b721b0 | records/desert/quote/desert.quote.so-perfectly-silent.md,,PR #471 body; Decision-Log Entry 24
desert.quote.the-deeds-of-christ-prove-him,desert,471,summary,Drops 'which shew that Christ is no longer a man but God' as its own statement.,defect_fixed_on_grader_finding,Restored the relative-clause structure and an incidental defect ('paralytics' swapped for 'lame') independent of the flag; cleared 5/5 after a readability rewrite (FK 12.4->9.0).,1,7e713f0bc7db2c53831fac3df7f3a96c50b721b0 | records/desert/quote/desert.quote.the-deeds-of-christ-prove-him.md,,PR #471 body; Decision-Log Entry 24
desert.quote.they-have-taken-away-my-god,desert,471,summary,Collapses 'whom to worship' and 'address' into one act.,defect_fixed_on_grader_finding,Restored 'Alas!' and un-compressed 'worship and address'.,1,7e713f0bc7db2c53831fac3df7f3a96c50b721b0 | records/desert/quote/desert.quote.they-have-taken-away-my-god.md,,PR #471 body; Decision-Log Entry 24
desert.quote.twelve-psalms-by-an-angel,desert,471,summary,"Omits 'holy difference of opinion,' 'pious discussion,' and 'the rule of their religion.'",defect_fixed_on_grader_finding,"Needed the most rounds: an early revision added an invented framing sentence (caught 5/5 'expansion'); the version translating directly from the source's own opening clause cleared on a 3/5 translation majority, residual minor-compression flags accepted as noise. FK rewritten 22.6->9.6.",1,7e713f0bc7db2c53831fac3df7f3a96c50b721b0 | records/desert/quote/desert.quote.twelve-psalms-by-an-angel.md,,PR #471 body; Decision-Log Entry 24
hal.quote.a-follower-of-cicero-and-not-of-christ,hal,472,mixed,Drops 'judgment' from 'judgment seat of the Judge.',defect_fixed_on_grader_finding,Restored 'judgment'; also removed an unattested 'beaten' gloss (source says only 'scourged').,1,75eb78b91f65f8b5ccbed469b8bedaba723abef0 | records/hal/quote/hal.quote.a-follower-of-cicero-and-not-of-christ.md,,PR #472 body; Decision-Log Entry 25
hal.quote.detestable-monks,hal,472,summary,"Compresses two distinct desires (remarriage, grandchildren) into one.",defect_fixed_on_grader_finding,Restored the separate purpose clause ('that she might have grandchildren') from the marriage clause; restored 'must we refrain from' obligation (had weakened to a question).,1,75eb78b91f65f8b5ccbed469b8bedaba723abef0 | records/hal/quote/hal.quote.detestable-monks.md,,PR #472 body; Decision-Log Entry 25
hal.quote.dispute-to-learn,hal,472,summary,"Drops 'which might be made to my statements,' a scope-defining clause.",defect_fixed_on_grader_finding,"AMBIGUOUS: restored 'at once acquiesce' and 'on the contrary'; but 'about the scriptures' phrase, re-flagged 3/3 as invented after the rest was fixed, is knowingly left as written — record's own body note verifies the antecedent, so this is a partial documented disagreement inside an otherwise-fixed record.",1,75eb78b91f65f8b5ccbed469b8bedaba723abef0 | records/hal/quote/hal.quote.dispute-to-learn.md,,PR #472 body; Decision-Log Entry 25
hal.quote.ever-let-the-bridegroom-sport-with-you,hal,472,mixed,"Drops an independent command, folding it into the chamber-privacy clause.",defect_fixed_on_grader_finding,"Restored the 'ever...ever' anaphora and the 'Do you pray? ... Do you read?' question-and-answer form; kept 'delight' for 'sport' and lowercase divine pronouns (house style, not defects).",1,75eb78b91f65f8b5ccbed469b8bedaba723abef0 | records/hal/quote/hal.quote.ever-let-the-bridegroom-sport-with-you.md,,PR #472 body; Decision-Log Entry 25
hal.quote.eyes-of-faith,hal,472,expansion,"Adds 'She told me this herself, and I heard her say it' as new framing.",grader_disagreement_kept,"6/7 'translation' across re-grades: this is a fair two-clause rendering of the source's own 'she protested in my hearing' — both facts (she said it, author heard it) are already in that phrase. Human read stands, unchanged.",1,75eb78b91f65f8b5ccbed469b8bedaba723abef0 | records/hal/quote/hal.quote.eyes-of-faith.md,,PR #472 body; Decision-Log Entry 25
hal.quote.house-destroyed,hal,472,summary,"Drops 'so far as fleshly wealth is concerned,' a scope qualifier.",defect_fixed_on_grader_finding,"Restored the scope qualifier. Separately, 4 of 6 re-grades claimed the trailing 'To live on bread is better than to lose the faith' clause was missing — verified present verbatim throughout; noted as a grader hallucination, not acted on.",1,75eb78b91f65f8b5ccbed469b8bedaba723abef0 | records/hal/quote/hal.quote.house-destroyed.md,,PR #472 body; Decision-Log Entry 25
hal.quote.innocent-ravages,hal,472,summary,Drops 'have deplored... to me' and the full list of harms.,defect_fixed_on_grader_finding,Restored 'have deplored to me' and the deliberate-mercy framing of the women's silence ('wonderful clemency and generosity'); one readability-driven revision (FK 12.9->9.8).,1,75eb78b91f65f8b5ccbed469b8bedaba723abef0 | records/hal/quote/hal.quote.innocent-ravages.md,,PR #472 body; Decision-Log Entry 25
hal.quote.recourse-to-marcella,hal,472,expansion,Adds 'this is what happened' causal framing not in the source.,defect_fixed_on_grader_finding,Removed invented 'this is what happened'; restored the conditional 'in case of a dispute arising' (had been narrated as a flat fact). One readability-driven revision (FK 10.3->6.7).,1,75eb78b91f65f8b5ccbed469b8bedaba723abef0 | records/hal/quote/hal.quote.recourse-to-marcella.md,,PR #472 body; Decision-Log Entry 25
alx.quote.no-sun-no-moon-no-sky,alx,475,expansion,Turns a rhetorical question into a declarative closing clause not in the source.,defect_fixed_on_grader_finding,"Restored Origen's continuous rhetorical-question structure, splitting so the causal 'so that...obtained life' clause stays attached to its own question. 5/5 translation, FK 8.57.",1,2ce45577df31d0aca79e39c71d32312cff300ddd | records/alx/quote/alx.quote.no-sun-no-moon-no-sky.md,,PR #475 body; Decision-Log Entry 28
alx.quote.the-grades-here-in-the-church,alx,475,summary,"Drops 'imitations of the angelic glory, and of that economy which the Scriptures say awaits...' (same record fixed in PR #442, recurring grader disagreement there).",defect_fixed_on_grader_finding,"AMBIGUOUS: #442's earlier human read did NOT hold on fresh re-read; restored 'according to my opinion' and the dropped perfect tense on 'have lived'; translated 'economy' as 'the divine plan' per R34. Needed 6+ revisions; a residual subordinate-clause-splitting tension (same pattern as desert/pahc) never fully stabilized and is logged as an accepted tension, not chased further.",1,2ce45577df31d0aca79e39c71d32312cff300ddd | records/alx/quote/alx.quote.the-grades-here-in-the-church.md,,PR #475 body; Decision-Log Entry 28
cappadocian.quote.basil-against-delaying-baptism,cappadocian,467,expansion,"""the provisions you'll need for the road ahead"" over-explains 'viaticum.'",defect_fixed_on_grader_finding,Removed the over-explained 'viaticum' gloss and invented 'then' connectors.,1,a8511de5afa3a961a852865043ec36fc7601fcaa | records/cappadocian/quote/cappadocian.quote.basil-against-delaying-baptism.md,,PR #467 body; Decision-Log Entry 20
cappadocian.quote.basil-canon-to-amphilochius,cappadocian,467,summary,Drops 'expelled from prayer' vs. 'weeping' as two distinct penitential stages.,defect_fixed_on_grader_finding,Restored the four distinct penance-year restrictions; round 1 cleared grader (round 2 caught a separate fragment defect — see miss row).,1,a8511de5afa3a961a852865043ec36fc7601fcaa | records/cappadocian/quote/cappadocian.quote.basil-canon-to-amphilochius.md,,PR #467 body; Decision-Log Entry 20
cappadocian.quote.basil-on-antiphonal-psalmody,cappadocian,467,summary,Drops 'thus at once confirming their study of the Gospels' clause.,defect_fixed_on_grader_finding,Restored both named effects of antiphonal singing and 'each forming for himself.',1,a8511de5afa3a961a852865043ec36fc7601fcaa | records/cappadocian/quote/cappadocian.quote.basil-on-antiphonal-psalmody.md,,PR #467 body; Decision-Log Entry 20
cappadocian.quote.basil-on-the-doxology-challenge,cappadocian,467,summary,Drops 'novel and at the same time mutually contradictory' and 'chiefly with the view of.',defect_fixed_on_grader_finding,Restored the full list of qualifications on the doxology dispute; round 1 cleared grader (round 2 caught a separate fragment defect — see miss row).,1,a8511de5afa3a961a852865043ec36fc7601fcaa | records/cappadocian/quote/cappadocian.quote.basil-on-the-doxology-challenge.md,,PR #467 body; Decision-Log Entry 20
cappadocian.quote.basil-on-work-and-prayer,cappadocian,467,mixed,"Drops 'for prayer and psalmody, as for many other things, every time is suitable,' inverting the sense.",defect_fixed_on_grader_finding,Restored 'as for many other things' and the full 'means to work' clause; needed 2 rounds — the grader flagged the paratactic split 5 times before keeping it as one relative-clause sentence cleared immediately.,1,a8511de5afa3a961a852865043ec36fc7601fcaa | records/cappadocian/quote/cappadocian.quote.basil-on-work-and-prayer.md,,PR #467 body; Decision-Log Entry 20
cappadocian.quote.gregory-nyssa-on-becoming-god,cappadocian,467,summary,Drops 'do not take too narrow a view of things.',defect_fixed_on_grader_finding,Restored the concessive 'although...still' clause connecting the two forms of divine presence; flagged 4 times before restoring a genuine concessive construction cleared it.,1,a8511de5afa3a961a852865043ec36fc7601fcaa | records/cappadocian/quote/cappadocian.quote.gregory-nyssa-on-becoming-god.md,,PR #467 body; Decision-Log Entry 20
cappadocian.quote.julian-galilaeans,cappadocian,467,mixed,"Drops the causal 'since' clause, replaced with 'after all.'",defect_fixed_on_grader_finding,"Restored the causal 'since' relationship; FK forced a sentence break regardless, settled at 3/4 translation (grader-noise pattern, not a live disagreement).",1,a8511de5afa3a961a852865043ec36fc7601fcaa | records/cappadocian/quote/cappadocian.quote.julian-galilaeans.md,,PR #467 body; Decision-Log Entry 20
cappadocian.quote.macrina-refuses-remarriage,cappadocian,467,summary,Drops 'absurd and unlawful' framing of the broken betrothal.,defect_fixed_on_grader_finding,Restored 'compelled to consider another.',1,a8511de5afa3a961a852865043ec36fc7601fcaa | records/cappadocian/quote/cappadocian.quote.macrina-refuses-remarriage.md,,PR #467 body; Decision-Log Entry 20
cappadocian.quote.ousia-and-hypostasis,cappadocian,467,summary,Drops 'strikes a certain vague sense upon the ears.',defect_fixed_on_grader_finding,Restored 'strikes...the ears' and the 'not made plain' clause.,1,a8511de5afa3a961a852865043ec36fc7601fcaa | records/cappadocian/quote/cappadocian.quote.ousia-and-hypostasis.md,,PR #467 body; Decision-Log Entry 20
cappadocian.quote.reading-scripture-hexaemeron,cappadocian,467,mixed,Drops 'open' from 'open firmament' and the 'distinct qualities' clause.,defect_fixed_on_grader_finding,Restored 'open' firmament and the distinct-qualities clause; kept the rhetorical-exclamation register instead of converting to imperatives.,1,a8511de5afa3a961a852865043ec36fc7601fcaa | records/cappadocian/quote/cappadocian.quote.reading-scripture-hexaemeron.md,,PR #467 body; Decision-Log Entry 20
cappadocian.quote.we-look-to-the-east,cappadocian,467,mixed,Collapses 'few of us know' into 'most of us don't even know why.',defect_fixed_on_grader_finding,Un-conflated the two separately-stated unknowns.,1,a8511de5afa3a961a852865043ec36fc7601fcaa | records/cappadocian/quote/cappadocian.quote.we-look-to-the-east.md,,PR #467 body; Decision-Log Entry 20
cappadocian.quote.what-is-the-written-source,cappadocian,467,summary,Drops 'under the obligation to believe' and the baptism-tradition clause.,defect_fixed_on_grader_finding,Restored 'under the obligation to believe' and 'principles of true religion'; round 1 cleared grader (round 2 caught a paraphrase-when-direct-was-possible defect — see miss row).,1,a8511de5afa3a961a852865043ec36fc7601fcaa | records/cappadocian/quote/cappadocian.quote.what-is-the-written-source.md,,PR #467 body; Decision-Log Entry 20
don.quote.emeritus-magno-argumento,don,469,summary,Drops 'a great argument' (magno argumento) and its contrast clause.,defect_fixed_on_grader_finding,"Restored the 'great argument' concept and the causal 'ut cum' structure; 1st fix added an unwarranted modal ('can hide') read as an invented causal frame, removed to clear.",1,04b6e604002de7e021e752c581608af9b10dc95d | records/don/quote/don.quote.emeritus-magno-argumento.md,,PR #469 body; Decision-Log Entry 22
don.quote.petilian-conscience-of-the-giver,don,469,summary,Drops 'the conscience of the giver... to cleanse that of the recipient.',defect_fixed_on_grader_finding,"Restored 'him who gives in holiness' and the not-faith-but-guilt contrast; 3 attempts (1st dropped 'conscience', 2nd added an invented causal claim, 3rd cleared 3/3).",1,04b6e604002de7e021e752c581608af9b10dc95d | records/don/quote/don.quote.petilian-conscience-of-the-giver.md,,PR #469 body; Decision-Log Entry 22
don.quote.the-shores-are-covered,don,469,summary,Drops 'shipwrecked members' and 'certain men.',defect_fixed_on_grader_finding,"Restored 'shipwrecked members,' 'certain men,' and the causal 'since the avenging waters have wrung their life from them' after a readability split (FK 12.7->6.9) had replaced it with a bare 'and,' caught as a real drop.",1,04b6e604002de7e021e752c581608af9b10dc95d | records/don/quote/don.quote.the-shores-are-covered.md,,PR #469 body; Decision-Log Entry 22
rzg.quote.christ-the-mirror-of-election,rzg,468,summary,Collapses two distinct claims (rejecting external seekers; Christ as mirror) into one.,defect_fixed_on_grader_finding,Restored the explicit rejection of those who seek election outside Christ and the 'mirror' metaphor; needed a second round after swapping 'behold' for an added 'reflected.',1,005f2c05a413eeaea88dcf4d0fcf2bc8200c66e4 | records/rzg/quote/rzg.quote.christ-the-mirror-of-election.md,,PR #468 body; Decision-Log Entry 21
rzg.quote.mass-not-a-sacrifice,rzg,468,summary,Drops 'is to eternity a certain and valid sacrifice' and the 'wherefrom it follows' logic.,defect_fixed_on_grader_finding,Restored 'certain and valid sacrifice for the sins of all faithful' and 'assurance of the salvation.',1,005f2c05a413eeaea88dcf4d0fcf2bc8200c66e4 | records/rzg/quote/rzg.quote.mass-not-a-sacrifice.md,,PR #468 body; Decision-Log Entry 21
rzg.quote.seniors-selected-from-the-people,rzg,468,mixed,"Drops 'seniors' and 'censures,' adds vaguer paraphrase.",defect_fixed_on_grader_finding,"Restored 'seniors' and 'censures' as distinct terms, kept both actions distinct; needed 3 attempts (a 2-sentence split lost the collaborative framing, simplified verbs were flagged, final version restored literal verbs with a 2-sentence split joined by 'They').",1,005f2c05a413eeaea88dcf4d0fcf2bc8200c66e4 | records/rzg/quote/rzg.quote.seniors-selected-from-the-people.md,,PR #468 body; Decision-Log Entry 21
rzg.quote.signs-and-things-signified,rzg,468,summary,Drops the explicit sign/signified distinction clause.,defect_fixed_on_grader_finding,Restored the opening 'Wherefore' and the negative 'we do not disjoin' structure in round 1 (round 2 then modernized the register — see miss row).,1,005f2c05a413eeaea88dcf4d0fcf2bc8200c66e4 | records/rzg/quote/rzg.quote.signs-and-things-signified.md,,PR #468 body; Decision-Log Entry 21
rzg.quote.taught-better-from-scripture,rzg,468,summary,"Drops Zwingli's name, 'Zurich,' and 'articles and opinions.'",defect_fixed_on_grader_finding,"Restored Zwingli's name, 'Zurich,' 'articles and opinions,' and 'called inspired by God.'",1,005f2c05a413eeaea88dcf4d0fcf2bc8200c66e4 | records/rzg/quote/rzg.quote.taught-better-from-scripture.md,,PR #468 body; Decision-Log Entry 21
rzg.quote.zwinglis-last-words,rzg,468,summary,Drops 'it is true' and compresses two parallel negatives.,defect_fixed_on_grader_finding,Restored the 'it is true' concession and the parallel kill-the-body/not-the-soul contrast; a later flag on unchanged text was the established grader-noise pattern (3/3 translation on immediate re-runs).,1,005f2c05a413eeaea88dcf4d0fcf2bc8200c66e4 | records/rzg/quote/rzg.quote.zwinglis-last-words.md,,PR #468 body; Decision-Log Entry 21
witt.quote.article-ii-of-original-sin,witt,470,expansion,"""their desires are turned the wrong way"" over-explains 'concupiscence.'",defect_fixed_on_grader_finding,Restored 'concupiscence' as a direct term-for-term translation (graded 0/3 before fix) and restored the Pelagians' own stated motive ('to obscure the glory of Christ's merit and benefits').,1,08b232e2fdfb0eb02c8b168553f2dae3aaea660e | records/witt/quote/witt.quote.article-ii-of-original-sin.md,,PR #470 body; Decision-Log Entry 23
witt.quote.article-ix-of-baptism,witt,470,summary,Drops the explicit 'reject the baptism of children' claim.,defect_fixed_on_grader_finding,"Restored 'being offered to God through Baptism' as the condition tied to the baptized children, and removed an invented 'We do not agree' with no source anchor (graded 2/3 before fix; still fixed since the one 'mixed' finding was a real, specific drop).",1,08b232e2fdfb0eb02c8b168553f2dae3aaea660e | records/witt/quote/witt.quote.article-ix-of-baptism.md,,PR #470 body; Decision-Log Entry 23
witt.quote.nothing-that-varies,witt,470,summary,"Drops 'that no new and ungodly doctrine should creep into,' softened to 'worked to keep out.'",defect_fixed_on_grader_finding,"Restored 'on our part,' 'most diligent care,' the purpose clause 'in order that it might be understood,' and removed an invented 'in fact' (graded 0/3 before fix).",1,08b232e2fdfb0eb02c8b168553f2dae3aaea660e | records/witt/quote/witt.quote.nothing-that-varies.md,,PR #470 body; Decision-Log Entry 23
cappadocian.quote.basil-canon-to-amphilochius,cappadocian,467,translation (round-1 pass; grader did not see the fragment/register defect),"N/A — grader graded meaning, not grammar/register; round-1 text passed 'translation'.",defect_missed_by_grader_caught_by_human,"Round-2 human read (process doc V1.6 Phase B fragment rule) caught 'In the third, to penance.' and 'In the fourth, to standing...' as fragments dropping the implied 'they may be received' the source's own elliptical series carries; re-authored so each fragment got its own subject and verb. Grader confirmed 'translation' 2/2 after the fix.",2,"a8511de5afa3a961a852865043ec36fc7601fcaa | records/cappadocian/quote/cappadocian.quote.basil-canon-to-amphilochius.md (round-1-fixed text, pre-round-2)",39db2f7a,"Decision-Log Entry 20, Round 1 FAIL / reviewer human read"
cappadocian.quote.basil-on-the-doxology-challenge,cappadocian,467,translation (round-1 pass; grader did not see the fragment/register defect),"N/A — grader graded meaning, not grammar/register; round-1 text passed 'translation'.",defect_missed_by_grader_caught_by_human,"Round-2 human read caught 'Or, if they are wholly incurable, for the security of those who might fall in with them.' split off from the purpose clause it modifies, leaving it verbless. Re-authored; grader confirmed 'translation' 2/2.",2,"a8511de5afa3a961a852865043ec36fc7601fcaa | records/cappadocian/quote/cappadocian.quote.basil-on-the-doxology-challenge.md (round-1-fixed text, pre-round-2)",39db2f7a,"Decision-Log Entry 20, Round 1 FAIL / reviewer human read"
cappadocian.quote.what-is-the-written-source,cappadocian,467,translation (round-1 pass; grader did not see the fragment/register defect),"N/A — grader graded meaning, not grammar/register; round-1 text passed 'translation'.",defect_missed_by_grader_caught_by_human,"Round-2 human read caught a paraphrase where direct translation was possible: 'Time will fail me if I attempt to recount' had been rendered as 'I could spend the rest of the day naming,' though the original survives plainly in modern English. Reverted to direct translation; grader confirmed 'translation' 2/2.",2,"a8511de5afa3a961a852865043ec36fc7601fcaa | records/cappadocian/quote/cappadocian.quote.what-is-the-written-source.md (round-1-fixed text, pre-round-2)",39db2f7a,"Decision-Log Entry 20, Round 1 FAIL / reviewer human read"
rzg.quote.signs-and-things-signified,rzg,468,translation (round-1 pass; grader did not see the fragment/register defect),"N/A — grader graded meaning, not grammar/register; round-1 text passed 'translation'.",defect_missed_by_grader_caught_by_human,"Round-2 human read caught a register problem: 'Wherefore' and 'disjoin' had been kept verbatim from the source though neither survives plainly in modern spoken English. Changed to 'Therefore' and 'separate'; nothing else touched. Grader noisy after (3 translation / 2 summary, internally inconsistent), treated as noise per standing protocol.",2,"005f2c05a413eeaea88dcf4d0fcf2bc8200c66e4 | records/rzg/quote/rzg.quote.signs-and-things-signified.md (round-1-fixed text, pre-round-2)",0880c259,"Decision-Log Entry 21, Round 2 register fix"
hal.quote.dispute-to-learn,hal,472,translation (round-1 pass; grader did not see the fragment/register defect),"N/A — grader graded meaning, not grammar/register; round-1 text passed 'translation'.",defect_missed_by_grader_caught_by_human,"Round-2 human read caught a genuine fragment: 'Not for argument's sake, but to learn the answers to those objections which might, as she saw, be made to my statements' stood alone with no subject or verb. Joined to the preceding clause; an adjacent sentence split to hold the FK ceiling (11.3->8.1) without reopening a fragment.",2,"75eb78b91f65f8b5ccbed469b8bedaba723abef0 | records/hal/quote/hal.quote.dispute-to-learn.md (round-1-fixed text, pre-round-2)",086ffdc3,"Decision-Log Entry 25, Round 2 fragment and register fix"
hal.quote.ever-let-the-bridegroom-sport-with-you,hal,472,translation (round-1 pass; grader did not see the fragment/register defect),"N/A — grader graded meaning, not grammar/register; round-1 text passed 'translation'.",defect_missed_by_grader_caught_by_human,Round-2 human read caught a register problem: 'Ever let' is not everyday modern English. Changed to 'Always let' in both halves of the anaphora; 'delight' for 'sport' and lowercase divine pronouns confirmed correct as already written. Cleared 2/2 translation.,2,"75eb78b91f65f8b5ccbed469b8bedaba723abef0 | records/hal/quote/hal.quote.ever-let-the-bridegroom-sport-with-you.md (round-1-fixed text, pre-round-2)",086ffdc3,"Decision-Log Entry 25, Round 2 fragment and register fix"
pahc.quote.melito-no-phantom,pahc,473,translation (round-1 pass; grader did not see the fragment/register defect),"N/A — grader graded meaning, not grammar/register; round-1 text passed 'translation'.",defect_missed_by_grader_caught_by_human,"Round-2 human read caught two fragments ('Of his Deity, by his miracles...' / 'Of his humanity, during the thirty similar years...' each verbless) and an archaic register issue ('by reason of his low estate as regards the flesh'). Supplied verbs from the parallel structure ('He showed his Deity...'/'He showed his humanity...') and modernized the register phrase; FK trimmed to 9.82.",2,"55b544cf0361a0364e06e12b1b34491f89feb52b | records/pahc/quote/pahc.quote.melito-no-phantom.md (round-1-fixed text, pre-round-2)",882fb275,"Decision-Log Entry 26, Round 2 fragment and register fix"
pahc.quote.ignatius-truly-born,pahc,473,translation (round-1 pass; grader did not see the fragment/register defect),"N/A — grader graded meaning, not grammar/register; round-1 text passed 'translation'.",defect_missed_by_grader_caught_by_human,"Round-2 human read caught archaic diction: 'his Father quickening him' translated to 'his Father bringing him back to life' (documented exception — the grader's own earlier 'interpretive' objection to this exact phrasing was judged stricter than the text, human read stands); also modernized archaic word order in the resurrection clause. Cleared 2/2 translation.",2,"55b544cf0361a0364e06e12b1b34491f89feb52b | records/pahc/quote/pahc.quote.ignatius-truly-born.md (round-1-fixed text, pre-round-2)",882fb275,"Decision-Log Entry 26, Round 2 fragment and register fix"
pahc.quote.polycrates-to-victor,pahc,473,translation (round-1 pass; grader did not see the fragment/register defect),"N/A — grader graded meaning, not grammar/register; round-1 text passed 'translation'.",defect_missed_by_grader_caught_by_human,Round-2 human read caught an archaic idiom: 'fallen in with the brethren' changed to 'met with the brothers' (the rendering already uses 'brothers' elsewhere). Cleared 2/2 translation.,2,"55b544cf0361a0364e06e12b1b34491f89feb52b | records/pahc/quote/pahc.quote.polycrates-to-victor.md (round-1-fixed text, pre-round-2)",882fb275,"Decision-Log Entry 26, Round 2 fragment and register fix"
syr.quote.warned-before-baptism,syr,474,translation (round-1 pass; grader did not see the fragment/register defect),"N/A — grader graded meaning, not grammar/register; round-1 text passed 'translation'.",defect_missed_by_grader_caught_by_human,"Round-2 human read caught the closing sentence had drifted from the source on three points ('grows fierce' changed the condition, 'to save it' invented a motive, 'that is a disgrace' dropped the maxim form). Rendered close to the source's own wording. Re-graded 3/3 translation.",2,"726067b0619186b4cf1e4b355186b5bbc17dfc56 | records/syr/quote/syr.quote.warned-before-baptism.md (round-1-fixed text, pre-round-2)",e4c036e2,"Decision-Log Entry 27, Round 2 closing-sentence and register fix"
syr.quote.tatian-barbaric-writings,syr,474,translation (round-1 pass; grader did not see the fragment/register defect),"N/A — grader graded meaning, not grammar/register; round-1 text passed 'translation'.",defect_missed_by_grader_caught_by_human,"Round-2 carry-fix: 'They showed real foreknowledge of future events' had added 'real,' not present in the source's 'the foreknowledge displayed of future events' — removed. Re-graded 3/3 translation.",2,"726067b0619186b4cf1e4b355186b5bbc17dfc56 | records/syr/quote/syr.quote.tatian-barbaric-writings.md (round-1-fixed text, pre-round-2)",e4c036e2,"Decision-Log Entry 27, Round 2 closing-sentence and register fix"
alx.quote.the-grades-here-in-the-church,alx,475,translation (round-1 pass; grader did not see the fragment/register defect),"N/A — grader graded meaning, not grammar/register; round-1 text passed 'translation'.",defect_missed_by_grader_caught_by_human,"Round-2 human read (reviewer's own suggested wording) caught three problems the grader missed in the first two sentences: dropped 'here' (and its contrast with 'the angelic glory'), an uncounted 'three' added to the ranks list, and un-modernized 'According to my opinion' left instead of 'In my opinion.' Restored all three; split a relative clause to hold the FK ceiling (11.7->8.66) without losing any restored content. A residual grader complaint (5/5 mixed) on the resulting split is the same subordinate-clause-splitting tension logged elsewhere and not chased further.",2,"2ce45577df31d0aca79e39c71d32312cff300ddd | records/alx/quote/alx.quote.the-grades-here-in-the-church.md (round-1-fixed text, pre-round-2)",3d75cbc1,"Decision-Log Entry 28, Round 2 register and omission fix"
