from	to	kind
World-Builds/01-Post-Apostolic-House-Church	worlds/pahc	dir
World-Builds/Alexandria-Catechetical-School	worlds/alx	dir
World-Builds/Cappadocian	worlds/cappadocian	dir
World-Builds/Desert-Monasticism	worlds/desert	dir
World-Builds/Donatism	worlds/don	dir
World-Builds/Hieronymian-Ascetic-Literary	worlds/hal	dir
World-Builds/Imperial-Juridical-Christianity	worlds/ijc	dir
World-Builds/Syriac-Christianity-Edessa-Nisibis	worlds/syr	dir
World-Builds/Gallic-Monastic-Ascetic-Christianity	worlds/gallic	dir
World-Builds/Latin-Pastoral-Congregational-Christianity	worlds/lpc	dir
World-Builds/Latin-Apologists	worlds/latap	dir
World-Builds/Second-Century-Greek-Apologists	worlds/grkap	dir
world-build-docs/_cross-world	worlds/_cross-world	dir
world-build-docs/alx	worlds/alx/build	dir
world-build-docs/desert	worlds/desert/build	dir
world-build-docs/hal	worlds/hal/build	dir
world-build-docs/ijc	worlds/ijc/build	dir
world-build-docs/pahc	worlds/pahc/build	dir
world-build-docs/syr	worlds/syr/build	dir
World-Builds	worlds	dir-prefix-only
world-build-docs	worlds	dir-prefix-only
CiC_W1_Phase5_RelationalSafety_Retest_Against_Proposed_Mechanism_DRAFT.md	worlds/pahc/CiC_W1_Phase5_RelationalSafety_Retest_Against_Proposed_Mechanism_DRAFT.md	file
